VisType,n_images,obj/img,attr/img,rel/img,obj_uniq/img,attr_uniq/img,rel_uniq/img,dedup_obj,dedup_attr,dedup_rel,n_synsets,n_exclusive,univ_tokens/img,n_preds
Area,65,2.89,4.31,1.85,2.82,4.31,1.85,0.987,1.0,1.0,23,0,2.18,88
Bar,51,2.39,2.84,1.29,2.27,2.84,1.29,0.963,1.0,1.0,19,0,1.9,47
Cont.-ColorPatn,42,2.9,3.93,1.93,2.76,3.93,1.93,0.954,1.0,1.0,21,0,2.31,60
Glyph,64,2.55,3.2,1.56,2.48,3.2,1.53,0.981,1.0,0.991,27,2,1.91,72
Grid,65,2.8,3.63,1.72,2.68,3.63,1.72,0.973,1.0,1.0,26,1,2.18,78
Line,48,2.98,3.48,1.81,2.83,3.44,1.81,0.956,0.989,1.0,26,0,2.25,69
Node-link,66,3.06,4.11,2.05,2.92,4.11,2.05,0.968,1.0,1.0,27,1,2.33,91
Point,58,3.31,4.29,2.19,3.1,4.28,2.17,0.955,0.996,0.995,26,0,2.5,93
Text,51,2.71,3.24,1.73,2.55,3.24,1.73,0.956,1.0,1.0,22,0,2.31,63
