,Area,Bar,Cont.-ColorPatn,Glyph,Grid,Line,Node-link,Point,Text
Area,1.0,0.5555555555555556,0.6296296296296297,0.6666666666666666,0.6896551724137931,0.6896551724137931,0.6129032258064516,0.75,0.6071428571428571
Bar,0.5555555555555556,1.0,0.48148148148148145,0.4838709677419355,0.5517241379310345,0.5517241379310345,0.5333333333333333,0.5,0.5769230769230769
Cont.-ColorPatn,0.6296296296296297,0.48148148148148145,1.0,0.6,0.6206896551724138,0.5666666666666667,0.5483870967741935,0.6785714285714286,0.5925925925925926
Glyph,0.6666666666666666,0.4838709677419355,0.6,1.0,0.7096774193548387,0.65625,0.6363636363636364,0.65625,0.5806451612903226
Grid,0.6896551724137931,0.5517241379310345,0.6206896551724138,0.7096774193548387,1.0,0.6774193548387096,0.6060606060606061,0.7931034482758621,0.7142857142857143
Line,0.6896551724137931,0.5517241379310345,0.5666666666666667,0.65625,0.6774193548387096,1.0,0.7096774193548387,0.7333333333333333,0.5483870967741935
Node-link,0.6129032258064516,0.5333333333333333,0.5483870967741935,0.6363636363636364,0.6060606060606061,0.7096774193548387,1.0,0.65625,0.5806451612903226
Point,0.75,0.5,0.6785714285714286,0.65625,0.7931034482758621,0.7333333333333333,0.65625,1.0,0.6
Text,0.6071428571428571,0.5769230769230769,0.5925925925925926,0.5806451612903226,0.7142857142857143,0.5483870967741935,0.5806451612903226,0.6,1.0
